message,treatment,argument,profile,line,gender,tweet,filler
1,facts,pro,1,1,f,"Only 27% of U.S. private-sector workers have access to paid family leave, and the situation is even worse for low-wage workers—95% lack access.","aaa aa aaaaa aaa aaa,aaa aaaaaa aaaaaa aaaa aaa. aaa? aaaa aaaa aaaaaa aaaa. aaaaa aa aa aaaaaa aa aaaa aaaaaa aaaa aaaa aaaaaa aa a aaaaa -- aaaa aaaa aaa aaaa aa aaa aaa aaaa aaaaaaa. aaa aaaaa aaaaaaaa aaa aaaa aaaaaa aaaaaaaa."
1,facts,pro,1,1,m,"Only 27% of U.S. private-sector workers have access to paid family leave, and the situation is even worse for low-wage workers—95% lack access.","aaa aa aaaaa aaa aaa,aaa aaaaaa aaaaaa aaaa aaa. aaa? aaaa aaaa aaaaaa aaaa. aaaaa aa aa aaaaaa aa aaaa aaaaaa aaaa aaaa aaaaaa aa a aaaaa -- aaaa aaaa aaa aaaa aa aaa aaa aaaa aaaaaaa. aaa aaaaa aaaaaaaa aaa aaaa aaaaaa aaaaaaaa."
1,facts,pro,1,2,f,These are often women and workers of color who are hit hardest by this inequity.,aaaa aaaa aaaaa aaaaaaa aaaaa aaaaaa. aaaaaa aaaa aaa aaaaaa aaaaaa aaaa aaa aaaa aaaaa aaaaa aaa aaaaa aaaaa aaaaaa aaaaaa.
1,facts,pro,1,2,m,These are often women and workers of color who are hit hardest by this inequity.,aaaa aaaa aaaaa aaaaaaa aaaaa aaaaaa. aaaaaa aaaa aaa aaaaaa aaaaaa aaaa aaa aaaa aaaaa aaaaa aaa aaaaa aaaaa aaaaaa aaaaaa.
1,facts,pro,1,3,f,Paid leave would provide a lifeline for millions struggling to balance work and family. #WorkLifeBalance,"aa aaa aaaaa aaaa aaaaa aaa, aaaa, aa aaaaa aaaaaa aaaa aaaa aaaa aaaaa aaaa. aaaa aaaa aaa a aaaa aaaaaa aaaaa aa aaaa, aaa aaaaaa. #aaaaaaaaa #aaaaaaaaa"
1,facts,pro,1,3,m,Paid leave would provide a lifeline for millions struggling to balance work and family. #WorkLifeBalance,"aa aaa aaaaa aaaa aaaaa aaa, aaaa, aa aaaaa aaaaaa aaaa aaaa aaaa aaaaa aaaa. aaaa aaaa aaa a aaaa aaaaaa aaaaa aa aaaa, aaa aaaaaa. #aaaaaaaaa #aaaaaaaaa"
2,facts,pro,2,1,f,"When California implemented paid leave, low-wage workers were more likely to return to their jobs after using the program.","bbb bb bbbbb bbb bbb,bbb bbbbbb bbbbbb bbbb bbb. bbb? bbbb bbbb bbbbbb bbbb. bbbbb bb bb bbbbbb bb bbbb bbbbbb bbbb bbbb bbbbbb bb b bbbbb -- bbbb bbbb bbb bbbb bb bbb bbb bbbb bbbbbbb. bbb bbbbb bbbbbbbb bbb bbbb bbbbbb bbbbbbbb.,"
2,facts,pro,2,1,m,"When California implemented paid leave, low-wage workers were more likely to return to their jobs after using the program.","bbb bb bbbbb bbb bbb,bbb bbbbbb bbbbbb bbbb bbb. bbb? bbbb bbbb bbbbbb bbbb. bbbbb bb bb bbbbbb bb bbbb bbbbbb bbbb bbbb bbbbbb bb b bbbbb -- bbbb bbbb bbb bbbb bb bbb bbb bbbb bbbbbbb. bbb bbbbb bbbbbbbb bbb bbbb bbbbbb bbbbbbbb.,"
2,facts,pro,2,2,f,"This proves paid leave supports job retention, stability, and economic security.","bbbb bbbb bbbbb bbbbbbb bbbbb bbbbbb. bbbbbb bbbb bbb bbbbbb bbbbbb bbbb bbb bbbb bbbbb bbbbb bbb bbbbb bbbbb bbbbbb bbbbbb.,"
2,facts,pro,2,2,m,"This proves paid leave supports job retention, stability, and economic security.","bbbb bbbb bbbbb bbbbbbb bbbbb bbbbbb. bbbbbb bbbb bbb bbbbbb bbbbbb bbbb bbb bbbb bbbbb bbbbb bbb bbbbb bbbbb bbbbbb bbbbbb.,"
2,facts,pro,2,3,f,It’s not just good for families—it’s good for businesses too. #CareAndCareer,"bb bbb bbbbb bbbb bbbbb bbb, bbbb, bb bbbbb bbbbbb bbbb bbbb bbbb bbbbb bbbb. bbbb bbbb bbb b bbbb bbbbbb bbbbb bb bbbb, bbb bbbbbb. #bbbbbbbbb #bbbbbbbbb"
2,facts,pro,2,3,m,It’s not just good for families—it’s good for businesses too. #CareAndCareer,"bb bbb bbbbb bbbb bbbbb bbb, bbbb, bb bbbbb bbbbbb bbbb bbbb bbbb bbbbb bbbb. bbbb bbbb bbb b bbbb bbbbbb bbbbb bb bbbb, bbb bbbbbb. #bbbbbbbbb #bbbbbbbbb"
3,facts,pro,3,1,f,"Research highlights better birth outcomes for underprivileged families with access to paid leave, including fewer early-term births and less stress during pregnancy.","ccc cc ccccc ccc ccc,ccc cccccc cccccc cccc ccc. ccc? cccc cccc cccccc cccc. ccccc cc cc cccccc cc cccc cccccc cccc cccc cccccc cc c ccccc -- cccc cccc ccc cccc cc ccc ccc cccc ccccccc. ccc ccccc cccccccc ccc cccc cccccc cccccccc.,"
3,facts,pro,3,1,m,"Research highlights better birth outcomes for underprivileged families with access to paid leave, including fewer early-term births and less stress during pregnancy.","ccc cc ccccc ccc ccc,ccc cccccc cccccc cccc ccc. ccc? cccc cccc cccccc cccc. ccccc cc cc cccccc cc cccc cccccc cccc cccc cccccc cc c ccccc -- cccc cccc ccc cccc cc ccc ccc cccc ccccccc. ccc ccccc cccccccc ccc cccc cccccc cccccccc.,"
3,facts,pro,3,2,f,These benefits set children up for healthier lives from day one.,"cccc cccc ccccc ccccccc ccccc cccccc. cccccc cccc ccc cccccc cccccc cccc ccc cccc ccccc ccccc ccc ccccc ccccc cccccc cccccc.,"
3,facts,pro,3,2,m,These benefits set children up for healthier lives from day one.,"cccc cccc ccccc ccccccc ccccc cccccc. cccccc cccc ccc cccccc cccccc cccc ccc cccc ccccc ccccc ccc ccccc ccccc cccccc cccccc.,"
3,facts,pro,3,3,f,Paid leave isn’t just an expense—it’s an investment in our future. #StrongerTogether,"cc ccc ccccc cccc ccccc ccc, cccc, cc ccccc cccccc cccc cccc cccc ccccc cccc. cccc cccc ccc c cccc cccccc ccccc cc cccc, ccc cccccc. #ccccccccc #ccccccccc"
3,facts,pro,3,3,m,Paid leave isn’t just an expense—it’s an investment in our future. #StrongerTogether,"cc ccc ccccc cccc ccccc ccc, cccc, cc ccccc cccccc cccc cccc cccc ccccc cccc. cccc cccc ccc c cccc cccccc ccccc cc cccc, ccc cccccc. #ccccccccc #ccccccccc"
4,facts,pro,4,1,f,"In Norway, moving from unpaid to paid leave led to better health for mothers, from reduced pain and improved blood pressure to healthier lifestyle changes.","ddd dd ddddd ddd ddd,ddd dddddd dddddd dddd ddd. ddd? dddd dddd dddddd dddd. ddddd dd dd dddddd dd dddd dddddd dddd dddd dddddd dd d ddddd -- dddd dddd ddd dddd dd ddd ddd dddd ddddddd. ddd ddddd dddddddd ddd dddd dddddd dddddddd.,"
4,facts,pro,4,1,m,"In Norway, moving from unpaid to paid leave led to better health for mothers, from reduced pain and improved blood pressure to healthier lifestyle changes.","ddd dd ddddd ddd ddd,ddd dddddd dddddd dddd ddd. ddd? dddd dddd dddddd dddd. ddddd dd dd dddddd dd dddd dddddd dddd dddd dddddd dd d ddddd -- dddd dddd ddd dddd dd ddd ddd dddd ddddddd. ddd ddddd dddddddd ddd dddd dddddd dddddddd.,"
4,facts,pro,4,2,f,Paid leave transforms lives and health outcomes for parents and children alike.,"dddd dddd ddddd ddddddd ddddd dddddd. dddddd dddd ddd dddddd dddddd dddd ddd dddd ddddd ddddd ddd ddddd ddddd dddddd dddddd.,"
4,facts,pro,4,2,m,Paid leave transforms lives and health outcomes for parents and children alike.,"dddd dddd ddddd ddddddd ddddd dddddd. dddddd dddd ddd dddddd dddddd dddd ddd dddd ddddd ddddd ddd ddddd ddddd dddddd dddddd.,"
4,facts,pro,4,3,f,Why should American families miss out on these benefits? #FamiliesFirst,"dd ddd ddddd dddd ddddd ddd, dddd, dd ddddd dddddd dddd dddd dddd ddddd dddd. dddd dddd ddd d dddd dddddd ddddd dd dddd, ddd dddddd. #ddddddddd #ddddddddd"
4,facts,pro,4,3,m,Why should American families miss out on these benefits? #FamiliesFirst,"dd ddd ddddd dddd ddddd ddd, dddd, dd ddddd dddddd dddd dddd dddd ddddd dddd. dddd dddd ddd d dddd dddddd ddddd dd dddd, ddd dddddd. #ddddddddd #ddddddddd"
5,facts,pro,5,1,f,"Women who return to work in under two months face more depression, lower self-esteem, and marital stress.","eee ee eeeee eee eee,eee eeeeee eeeeee eeee eee. eee? eeee eeee eeeeee eeee. eeeee ee ee eeeeee ee eeee eeeeee eeee eeee eeeeee ee e eeeee -- eeee eeee eee eeee ee eee eee eeee eeeeeee. eee eeeee eeeeeeee eee eeee eeeeee eeeeeeee.,"
5,facts,pro,5,1,m,"Women who return to work in under two months face more depression, lower self-esteem, and marital stress.","eee ee eeeee eee eee,eee eeeeee eeeeee eeee eee. eee? eeee eeee eeeeee eeee. eeeee ee ee eeeeee ee eeee eeeeee eeee eeee eeeeee ee e eeeee -- eeee eeee eee eeee ee eee eee eeee eeeeeee. eee eeeee eeeeeeee eee eeee eeeeee eeeeeeee.,"
5,facts,pro,5,2,f,Paid leave gives families the time they need to adjust and bond without financial strain.,"eeee eeee eeeee eeeeeee eeeee eeeeee. eeeeee eeee eee eeeeee eeeeee eeee eee eeee eeeee eeeee eee eeeee eeeee eeeeee eeeeee.,"
5,facts,pro,5,2,m,Paid leave gives families the time they need to adjust and bond without financial strain.,"eeee eeee eeeee eeeeeee eeeee eeeeee. eeeeee eeee eee eeeeee eeeeee eeee eee eeee eeeee eeeee eee eeeee eeeee eeeeee eeeeee.,"
5,facts,pro,5,3,f,Healthy parents create stronger families and communities. #PaidLeaveMatters,"ee eee eeeee eeee eeeee eee, eeee, ee eeeee eeeeee eeee eeee eeee eeeee eeee. eeee eeee eee e eeee eeeeee eeeee ee eeee, eee eeeeee. #eeeeeeeee #eeeeeeeee"
5,facts,pro,5,3,m,Healthy parents create stronger families and communities. #PaidLeaveMatters,"ee eee eeeee eeee eeeee eee, eeee, ee eeeee eeeeee eeee eeee eeee eeeee eeee. eeee eeee eee e eeee eeeeee eeeee ee eeee, eee eeeeee. #eeeeeeeee #eeeeeeeee"
6,facts,con,1,1,f,"California’s paid leave policy, enacted in 2004, showed unintended consequences for new mothers.","fff ff fffff fff fff,fff ffffff ffffff ffff fff. fff? ffff ffff ffffff ffff. fffff ff ff ffffff ff ffff ffffff ffff ffff ffffff ff f fffff -- ffff ffff fff ffff ff fff fff ffff fffffff. fff fffff ffffffff fff ffff ffffff ffffffff.,"
6,facts,con,1,1,m,"California’s paid leave policy, enacted in 2004, showed unintended consequences for new mothers.","fff ff fffff fff fff,fff ffffff ffffff ffff fff. fff? ffff ffff ffffff ffff. fffff ff ff ffffff ff ffff ffffff ffff ffff ffffff ff f fffff -- ffff ffff fff ffff ff fff fff ffff fffffff. fff fffff ffffffff fff ffff ffffff ffffffff.,"
6,facts,con,1,2,f,"A decade later, they earned $24,000 less on average due to reduced work hours.","ffff ffff fffff fffffff fffff ffffff. ffffff ffff fff ffffff ffffff ffff fff ffff fffff fffff fff fffff fffff ffffff ffffff.,"
6,facts,con,1,2,m,"A decade later, they earned $24,000 less on average due to reduced work hours.","ffff ffff fffff fffffff fffff ffffff. ffffff ffff fff ffffff ffffff ffff fff ffff fffff fffff fff fffff fffff ffffff ffffff.,"
6,facts,con,1,3,f,Policies meant to support families shouldn’t come at the cost of women’s long-term financial stability.#BalancedBenefits,"ff fff fffff ffff fffff fff, ffff, ff fffff ffffff ffff ffff ffff fffff ffff. ffff ffff fff f ffff ffffff fffff ff ffff, fff ffffff. #fffffffff #fffffffff"
6,facts,con,1,3,m,Policies meant to support families shouldn’t come at the cost of women’s long-term financial stability.#BalancedBenefits,"ff fff fffff ffff fffff fff, ffff, ff fffff ffffff ffff ffff ffff fffff ffff. ffff ffff fff f ffff ffffff fffff ff ffff, fff ffffff. #fffffffff #fffffffff"
7,facts,con,2,1,f,"Over the last 50 years, private companies have significantly expanded paid leave options, responding to employee demands.","ggg gg ggggg ggg ggg,ggg gggggg gggggg gggg ggg. ggg? gggg gggg gggggg gggg. ggggg gg gg gggggg gg gggg gggggg gggg gggg gggggg gg g ggggg -- gggg gggg ggg gggg gg ggg ggg gggg ggggggg. ggg ggggg gggggggg ggg gggg gggggg gggggggg.,"
7,facts,con,2,1,m,"Over the last 50 years, private companies have significantly expanded paid leave options, responding to employee demands.","ggg gg ggggg ggg ggg,ggg gggggg gggggg gggg ggg. ggg? gggg gggg gggggg gggg. ggggg gg gg gggggg gg gggg gggggg gggg gggg gggggg gg g ggggg -- gggg gggg ggg gggg gg ggg ggg gggg ggggggg. ggg ggggg gggggggg ggg gggg gggggg gggggggg.,"
7,facts,con,2,2,f,This organic growth shows that government mandates are unnecessary and could stifle innovation.,"gggg gggg ggggg ggggggg ggggg gggggg. gggggg gggg ggg gggggg gggggg gggg ggg gggg ggggg ggggg ggg ggggg ggggg gggggg gggggg.,"
7,facts,con,2,2,m,This organic growth shows that government mandates are unnecessary and could stifle innovation.,"gggg gggg ggggg ggggggg ggggg gggggg. gggggg gggg ggg gggggg gggggg gggg ggg gggg ggggg ggggg ggg ggggg ggggg gggggg gggggg.,"
7,facts,con,2,3,f,Let businesses continue to tailor solutions without imposing blanket regulations. #SharedSacrifice,"gg ggg ggggg gggg ggggg ggg, gggg, gg ggggg gggggg gggg gggg gggg ggggg gggg. gggg gggg ggg g gggg gggggg ggggg gg gggg, ggg gggggg. #ggggggggg #ggggggggg"
7,facts,con,2,3,m,Let businesses continue to tailor solutions without imposing blanket regulations. #SharedSacrifice,"gg ggg ggggg gggg ggggg ggg, gggg, gg ggggg gggggg gggg gggg gggg ggggg gggg. gggg gggg ggg g gggg gggggg ggggg gg gggg, ggg gggggg. #ggggggggg #ggggggggg"
8,facts,con,3,1,f,"Proposed paid leave programs could cost the U.S. $200 billion over the next decade, according to the CBO. ","hhh hh hhhhh hhh hhh,hhh hhhhhh hhhhhh hhhh hhh. hhh? hhhh hhhh hhhhhh hhhh. hhhhh hh hh hhhhhh hh hhhh hhhhhh hhhh hhhh hhhhhh hh h hhhhh -- hhhh hhhh hhh hhhh hh hhh hhh hhhh hhhhhhh. hhh hhhhh hhhhhhhh hhh hhhh hhhhhh hhhhhhhh.,"
8,facts,con,3,1,m,"Proposed paid leave programs could cost the U.S. $200 billion over the next decade, according to the CBO. ","hhh hh hhhhh hhh hhh,hhh hhhhhh hhhhhh hhhh hhh. hhh? hhhh hhhh hhhhhh hhhh. hhhhh hh hh hhhhhh hh hhhh hhhhhh hhhh hhhh hhhhhh hh h hhhhh -- hhhh hhhh hhh hhhh hh hhh hhh hhhh hhhhhhh. hhh hhhhh hhhhhhhh hhh hhhh hhhhhh hhhhhhhh.,"
8,facts,con,3,2,f,"This burden falls heavily on taxpayers and small businesses, potentially limiting job growth.","hhhh hhhh hhhhh hhhhhhh hhhhh hhhhhh. hhhhhh hhhh hhh hhhhhh hhhhhh hhhh hhh hhhh hhhhh hhhhh hhh hhhhh hhhhh hhhhhh hhhhhh.,"
8,facts,con,3,2,m,"This burden falls heavily on taxpayers and small businesses, potentially limiting job growth.","hhhh hhhh hhhhh hhhhhhh hhhhh hhhhhh. hhhhhh hhhh hhh hhhhhh hhhhhh hhhh hhh hhhh hhhhh hhhhh hhh hhhhh hhhhh hhhhhh hhhhhh.,"
8,facts,con,3,3,f,Policies should balance support for families with economic sustainability. #WorkplaceFairness,"hh hhh hhhhh hhhh hhhhh hhh, hhhh, hh hhhhh hhhhhh hhhh hhhh hhhh hhhhh hhhh. hhhh hhhh hhh h hhhh hhhhhh hhhhh hh hhhh, hhh hhhhhh. #hhhhhhhhh #hhhhhhhhh"
8,facts,con,3,3,m,Policies should balance support for families with economic sustainability. #WorkplaceFairness,"hh hhh hhhhh hhhh hhhhh hhh, hhhh, hh hhhhh hhhhhh hhhh hhhh hhhh hhhhh hhhh. hhhh hhhh hhh h hhhh hhhhhh hhhhh hh hhhh, hhh hhhhhh. #hhhhhhhhh #hhhhhhhhh"
9,facts,con,4,1,f,U.S. women hold managerial roles at a much higher rate than their counterparts in OECD countries with extensive paid leave policies.,"iii ii iiiii iii iii,iii iiiiii iiiiii iiii iii. iii? iiii iiii iiiiii iiii. iiiii ii ii iiiiii ii iiii iiiiii iiii iiii iiiiii ii i iiiii -- iiii iiii iii iiii ii iii iii iiii iiiiiii. iii iiiii iiiiiiii iii iiii iiiiii iiiiiiii.,"
9,facts,con,4,1,m,U.S. women hold managerial roles at a much higher rate than their counterparts in OECD countries with extensive paid leave policies.,"iii ii iiiii iii iii,iii iiiiii iiiiii iiii iii. iii? iiii iiii iiiiii iiii. iiiii ii ii iiiiii ii iiii iiiiii iiii iiii iiiiii ii i iiiii -- iiii iiii iii iiii ii iii iii iiii iiiiiii. iii iiiii iiiiiiii iii iiii iiiiii iiiiiiii.,"
9,facts,con,4,2,f,"They are three times more likely to manage than women in Norway, which has long parental leave options.","iiii iiii iiiii iiiiiii iiiii iiiiii. iiiiii iiii iii iiiiii iiiiii iiii iii iiii iiiii iiiii iii iiiii iiiii iiiiii iiiiii.,"
9,facts,con,4,2,m,"They are three times more likely to manage than women in Norway, which has long parental leave options.","iiii iiii iiiii iiiiiii iiiii iiiiii. iiiiii iiii iii iiiiii iiiiii iiii iii iiii iiiii iiiii iii iiiii iiiii iiiiii iiiiii.,"
9,facts,con,4,3,f,Let's prioritize career advancement opportunities over policies that may hold women back. #EqualResponsibility,"ii iii iiiii iiii iiiii iii, iiii, ii iiiii iiiiii iiii iiii iiii iiiii iiii. iiii iiii iii i iiii iiiiii iiiii ii iiii, iii iiiiii. #iiiiiiiii #iiiiiiiii"
9,facts,con,4,3,m,Let's prioritize career advancement opportunities over policies that may hold women back. #EqualResponsibility,"ii iii iiiii iiii iiiii iii, iiii, ii iiiii iiiiii iiii iiii iiii iiiii iiii. iiii iiii iii i iiii iiiiii iiiii ii iiii, iii iiiiii. #iiiiiiiii #iiiiiiiii"
10,facts,con,5,1,f,"Extensive parental leave policies often reinforce traditional gender roles, as shown in a 40-year study across 19 countries.","jjj jj jjjjj jjj jjj,jjj jjjjjj jjjjjj jjjj jjj. jjj? jjjj jjjj jjjjjj jjjj. jjjjj jj jj jjjjjj jj jjjj jjjjjj jjjj jjjj jjjjjj jj j jjjjj -- jjjj jjjj jjj jjjj jj jjj jjj jjjj jjjjjjj. jjj jjjjj jjjjjjjj jjj jjjj jjjjjj jjjjjjjj.,"
10,facts,con,5,1,m,"Extensive parental leave policies often reinforce traditional gender roles, as shown in a 40-year study across 19 countries.","jjj jj jjjjj jjj jjj,jjj jjjjjj jjjjjj jjjj jjj. jjj? jjjj jjjj jjjjjj jjjj. jjjjj jj jj jjjjjj jj jjjj jjjjjj jjjj jjjj jjjjjj jj j jjjjj -- jjjj jjjj jjj jjjj jj jjj jjj jjjj jjjjjjj. jjj jjjjj jjjjjjjj jjj jjjj jjjjjj jjjjjjjj.,"
10,facts,con,5,2,f,"Men tend to do less housework, while women take on more time-inflexible tasks in nations with long leave mandates.","jjjj jjjj jjjjj jjjjjjj jjjjj jjjjjj. jjjjjj jjjj jjj jjjjjj jjjjjj jjjj jjj jjjj jjjjj jjjjj jjj jjjjj jjjjj jjjjjj jjjjjj.,"
10,facts,con,5,2,m,"Men tend to do less housework, while women take on more time-inflexible tasks in nations with long leave mandates.","jjjj jjjj jjjjj jjjjjjj jjjjj jjjjjj. jjjjjj jjjj jjj jjjjjj jjjjjj jjjj jjj jjjj jjjjj jjjjj jjj jjjjj jjjjj jjjjjj jjjjjj.,"
10,facts,con,5,3,f,Paid leave policies should avoid perpetuating these inequalities. #RespectAllChoices,"jj jjj jjjjj jjjj jjjjj jjj, jjjj, jj jjjjj jjjjjj jjjj jjjj jjjj jjjjj jjjj. jjjj jjjj jjj j jjjj jjjjjj jjjjj jj jjjj, jjj jjjjjj. #jjjjjjjjj #jjjjjjjjj"
10,facts,con,5,3,m,Paid leave policies should avoid perpetuating these inequalities. #RespectAllChoices,"jj jjj jjjjj jjjj jjjjj jjj, jjjj, jj jjjjj jjjjjj jjjj jjjj jjjj jjjjj jjjj. jjjj jjjj jjj j jjjj jjjjjj jjjjj jj jjjj, jjj jjjjjj. #jjjjjjjjj #jjjjjjjjj"
11,narrative,pro,1,1,f,"When I had my first baby, I had to return to work after just two weeks because we couldn’t afford unpaid time off.","kkk kk kkkkk kkk kkk,kkk kkkkkk kkkkkk kkkk kkk. kkk? kkkk kkkk kkkkkk kkkk. kkkkk kk kk kkkkkk kk kkkk kkkkkk kkkk kkkk kkkkkk kk k kkkkk -- kkkk kkkk kkk kkkk kk kkk kkk kkkk kkkkkkk. kkk kkkkk kkkkkkkk kkk kkkk kkkkkk kkkkkkkk.,"
11,narrative,pro,1,1,m,"When my wife had our first baby, she had to return to work after just two weeks because we couldn’t afford unpaid time off.","kkk kk kkkkk kkk kkk,kkk kkkkkk kkkkkk kkkk kkk. kkk? kkkk kkkk kkkkkk kkkk. kkkkk kk kk kkkkkk kk kkkk kkkkkk kkkk kkkk kkkkkk kk k kkkkk -- kkkk kkkk kkk kkkk kk kkk kkk kkkk kkkkkkk. kkk kkkkk kkkkkkkk kkk kkkk kkkkkk kkkkkkkk.,"
11,narrative,pro,1,2,f,It was heartbreaking to leave my newborn and physically exhausting to recover while working.,"kkkk kkkk kkkkk kkkkkkk kkkkk kkkkkk. kkkkkk kkkk kkk kkkkkk kkkkkk kkkk kkk kkkk kkkkk kkkkk kkk kkkkk kkkkk kkkkkk kkkkkk.,"
11,narrative,pro,1,2,m,It was heartbreaking for her to leave our newborn and physically exhausting for her to recover while working.,"kkkk kkkk kkkkk kkkkkkk kkkkk kkkkkk. kkkkkk kkkk kkk kkkkkk kkkkkk kkkk kkk kkkk kkkkk kkkkk kkk kkkkk kkkkk kkkkkk kkkkkk.,"
11,narrative,pro,1,3,f,Paid maternity leave would have given me time to heal and bond with my child without financial stress. #FamiliesFirst,"kk kkk kkkkk kkkk kkkkk kkk, kkkk, kk kkkkk kkkkkk kkkk kkkk kkkk kkkkk kkkk. kkkk kkkk kkk k kkkk kkkkkk kkkkk kk kkkk, kkk kkkkkk. #kkkkkkkkk #kkkkkkkkk"
11,narrative,pro,1,3,m,Paid maternity leave would have given her time to heal and bond with our child without financial stress. #FamiliesFirst,"kk kkk kkkkk kkkk kkkkk kkk, kkkk, kk kkkkk kkkkkk kkkk kkkk kkkk kkkkk kkkk. kkkk kkkk kkk k kkkk kkkkkk kkkkk kk kkkk, kkk kkkkkk. #kkkkkkkkk #kkkkkkkkk"
12,narrative,pro,2,1,f,"My sister had paid maternity leave, and I didn’t.","lll ll lllll lll lll,lll llllll llllll llll lll. lll? llll llll llllll llll. lllll ll ll llllll ll llll llllll llll llll llllll ll l lllll -- llll llll lll llll ll lll lll llll lllllll. lll lllll llllllll lll llll llllll llllllll.,"
12,narrative,pro,2,1,m,"My sister had paid maternity leave, and my wife didn’t.","lll ll lllll lll lll,lll llllll llllll llll lll. lll? llll llll llllll llll. lllll ll ll llllll ll llll llllll llll llll llllll ll l lllll -- llll llll lll llll ll lll lll llll lllllll. lll lllll llllllll lll llll llllll llllllll.,"
12,narrative,pro,2,2,f,"The difference was night and day—she had time to establish breastfeeding and bond with her baby, while I struggled with postpartum depression trying to juggle work and motherhood.","llll llll lllll lllllll lllll llllll. llllll llll lll llllll llllll llll lll llll lllll lllll lll lllll lllll llllll llllll.,"
12,narrative,pro,2,2,m,"The difference was night and day—she had time to establish breastfeeding and bond with her baby, while my wife struggled with postpartum depression trying to juggle work and motherhood.","llll llll lllll lllllll lllll llllll. llllll llll lll llllll llllll llll lll llll lllll lllll lll lllll lllll llllll llllll.,"
12,narrative,pro,2,3,f,Paid leave is an investment in the well-being of families and future generations. #StrongerTogether,"ll lll lllll llll lllll lll, llll, ll lllll llllll llll llll llll lllll llll. llll llll lll l llll llllll lllll ll llll, lll llllll. #lllllllll #lllllllll"
12,narrative,pro,2,3,m,Paid leave is an investment in the well-being of families and future generations. #StrongerTogether,"ll lll lllll llll lllll lll, llll, ll lllll llllll llll llll llll lllll llll. llll llll lll l llll llllll lllll ll llll, lll llllll. #lllllllll #lllllllll"
13,narrative,pro,3,1,f,"When my wife gave birth, her company’s paid leave allowed us both to enjoy those first precious weeks without worrying about money.","mmm mm mmmmm mmm mmm,mmm mmmmmm mmmmmm mmmm mmm. mmm? mmmm mmmm mmmmmm mmmm. mmmmm mm mm mmmmmm mm mmmm mmmmmm mmmm mmmm mmmmmm mm m mmmmm -- mmmm mmmm mmm mmmm mm mmm mmm mmmm mmmmmmm. mmm mmmmm mmmmmmmm mmm mmmm mmmmmm mmmmmmmm.,"
13,narrative,pro,3,1,m,"When my wife gave birth, her company’s paid leave allowed us both to enjoy those first precious weeks without worrying about money.","mmm mm mmmmm mmm mmm,mmm mmmmmm mmmmmm mmmm mmm. mmm? mmmm mmmm mmmmmm mmmm. mmmmm mm mm mmmmmm mm mmmm mmmmmm mmmm mmmm mmmmmm mm m mmmmm -- mmmm mmmm mmm mmmm mm mmm mmm mmmm mmmmmmm. mmm mmmmm mmmmmmmm mmm mmmm mmmmmm mmmmmmmm.,"
13,narrative,pro,3,2,f,It strengthened our family bond and let us focus entirely on our baby.,"mmmm mmmm mmmmm mmmmmmm mmmmm mmmmmm. mmmmmm mmmm mmm mmmmmm mmmmmm mmmm mmm mmmm mmmmm mmmmm mmm mmmmm mmmmm mmmmmm mmmmmm.,"
13,narrative,pro,3,2,m,It strengthened our family bond and let us focus entirely on our baby.,"mmmm mmmm mmmmm mmmmmmm mmmmm mmmmmm. mmmmmm mmmm mmm mmmmmm mmmmmm mmmm mmm mmmm mmmmm mmmmm mmm mmmmm mmmmm mmmmmm mmmmmm.,"
13,narrative,pro,3,3,f,Everyone deserves that kind of start to parenthood. #CareAndCareer,"mm mmm mmmmm mmmm mmmmm mmm, mmmm, mm mmmmm mmmmmm mmmm mmmm mmmm mmmmm mmmm. mmmm mmmm mmm m mmmm mmmmmm mmmmm mm mmmm, mmm mmmmmm. #mmmmmmmmm #mmmmmmmmm"
13,narrative,pro,3,3,m,Everyone deserves that kind of start to parenthood. #CareAndCareer,"mm mmm mmmmm mmmm mmmmm mmm, mmmm, mm mmmmm mmmmmm mmmm mmmm mmmm mmmmm mmmm. mmmm mmmm mmm m mmmm mmmmmm mmmmm mm mmmm, mmm mmmmmm. #mmmmmmmmm #mmmmmmmmm"
14,narrative,pro,4,1,f,"After my third child, I finally had access to paid maternity leave, and it changed everything.","nnn nn nnnnn nnn nnn,nnn nnnnnn nnnnnn nnnn nnn. nnn? nnnn nnnn nnnnnn nnnn. nnnnn nn nn nnnnnn nn nnnn nnnnnn nnnn nnnn nnnnnn nn n nnnnn -- nnnn nnnn nnn nnnn nn nnn nnn nnnn nnnnnnn. nnn nnnnn nnnnnnnn nnn nnnn nnnnnn nnnnnnnn.,"
14,narrative,pro,4,1,m,"After our third child, my partner finally had access to paid maternity leave, and it changed everything.","nnn nn nnnnn nnn nnn,nnn nnnnnn nnnnnn nnnn nnn. nnn? nnnn nnnn nnnnnn nnnn. nnnnn nn nn nnnnnn nn nnnn nnnnnn nnnn nnnn nnnnnn nn n nnnnn -- nnnn nnnn nnn nnnn nn nnn nnn nnnn nnnnnnn. nnn nnnnn nnnnnnnn nnn nnnn nnnnnn nnnnnnnn.,"
14,narrative,pro,4,2,f,"For the first time, I didn’t feel torn between my career and being the parent my child needed.","nnnn nnnn nnnnn nnnnnnn nnnnn nnnnnn. nnnnnn nnnn nnn nnnnnn nnnnnn nnnn nnn nnnn nnnnn nnnnn nnn nnnnn nnnnn nnnnnn nnnnnn.,"
14,narrative,pro,4,2,m,"For the first time, she didn’t feel torn between her career and being the parent our child needed.","nnnn nnnn nnnnn nnnnnnn nnnnn nnnnnn. nnnnnn nnnn nnn nnnnnn nnnnnn nnnn nnn nnnn nnnnn nnnnn nnn nnnnn nnnnn nnnnnn nnnnnn.,"
14,narrative,pro,4,3,f,I’m living proof that paid leave helps parents thrive without sacrificing their professional goals. #WorkLifeBalance,"nn nnn nnnnn nnnn nnnnn nnn, nnnn, nn nnnnn nnnnnn nnnn nnnn nnnn nnnnn nnnn. nnnn nnnn nnn n nnnn nnnnnn nnnnn nn nnnn, nnn nnnnnn. #nnnnnnnnn #nnnnnnnnn"
14,narrative,pro,4,3,m,She's living proof that paid leave helps parents thrive without sacrificing their professional goals. #WorkLifeBalance,"nn nnn nnnnn nnnn nnnnn nnn, nnnn, nn nnnnn nnnnnn nnnn nnnn nnnn nnnnn nnnn. nnnn nnnn nnn n nnnn nnnnnn nnnnn nn nnnn, nnn nnnnnn. #nnnnnnnnn #nnnnnnnnn"
15,narrative,pro,5,1,f,"When my best friend had her baby, she didn’t have paid leave and had to return to work almost immediately.","ooo oo ooooo ooo ooo,ooo oooooo oooooo oooo ooo. ooo? oooo oooo oooooo oooo. ooooo oo oo oooooo oo oooo oooooo oooo oooo oooooo oo o ooooo -- oooo oooo ooo oooo oo ooo ooo oooo ooooooo. ooo ooooo oooooooo ooo oooo oooooo oooooooo.,"
15,narrative,pro,5,1,m,"When my best friend had her baby, she didn’t have paid leave and had to return to work almost immediately.","ooo oo ooooo ooo ooo,ooo oooooo oooooo oooo ooo. ooo? oooo oooo oooooo oooo. ooooo oo oo oooooo oo oooo oooooo oooo oooo oooooo oo o ooooo -- oooo oooo ooo oooo oo ooo ooo oooo ooooooo. ooo ooooo oooooooo ooo oooo oooooo oooooooo.,"
15,narrative,pro,5,2,f,"Watching her struggle broke my heart, and I promised I’d fight for better policies.","oooo oooo ooooo ooooooo ooooo oooooo. oooooo oooo ooo oooooo oooooo oooo ooo oooo ooooo ooooo ooo ooooo ooooo oooooo oooooo.,"
15,narrative,pro,5,2,m,"Watching her struggle broke my heart, and I promised I’d fight for better policies.","oooo oooo ooooo ooooooo ooooo oooooo. oooooo oooo ooo oooooo oooooo oooo ooo oooo ooooo ooooo ooo ooooo ooooo oooooo oooooo.,"
15,narrative,pro,5,3,f,No parent should have to choose between bonding with their baby and paying the bills. #PaidLeaveMatters,"oo ooo ooooo oooo ooooo ooo, oooo, oo ooooo oooooo oooo oooo oooo ooooo oooo. oooo oooo ooo o oooo oooooo ooooo oo oooo, ooo oooooo. #ooooooooo #ooooooooo"
15,narrative,pro,5,3,m,No parent should have to choose between bonding with their baby and paying the bills. #PaidLeaveMatters,"oo ooo ooooo oooo ooooo ooo, oooo, oo ooooo oooooo oooo oooo oooo ooooo oooo. oooo oooo ooo o oooo oooooo ooooo oo oooo, ooo oooooo. #ooooooooo #ooooooooo"
16,narrative,con,1,1,f,"My partner and I planned carefully for our family, saving in advance for the time we'd need.","ppp pp ppppp ppp ppp,ppp pppppp pppppp pppp ppp. ppp? pppp pppp pppppp pppp. ppppp pp pp pppppp pp pppp pppppp pppp pppp pppppp pp p ppppp -- pppp pppp ppp pppp pp ppp ppp pppp ppppppp. ppp ppppp pppppppp ppp pppp pppppp pppppppp.,"
16,narrative,con,1,1,m,"My partner and I planned carefully for our family, saving in advance for the time we'd need.","ppp pp ppppp ppp ppp,ppp pppppp pppppp pppp ppp. ppp? pppp pppp pppppp pppp. ppppp pp pp pppppp pp pppp pppppp pppp pppp pppppp pp p ppppp -- pppp pppp ppp pppp pp ppp ppp pppp ppppppp. ppp ppppp pppppppp ppp pppp pppppp pppppppp.,"
16,narrative,con,1,2,f,Paid maternity leave feels unfair to those of us who made sacrifices to prepare while others might rely on a system funded by everyone.,"pppp pppp ppppp ppppppp ppppp pppppp. pppppp pppp ppp pppppp pppppp pppp ppp pppp ppppp ppppp ppp ppppp ppppp pppppp pppppp.,"
16,narrative,con,1,2,m,Paid maternity leave feels unfair to those of us who made sacrifices to prepare while others might rely on a system funded by everyone.,"pppp pppp ppppp ppppppp ppppp pppppp. pppppp pppp ppp pppppp pppppp pppp ppp pppp ppppp ppppp ppp ppppp ppppp pppppp pppppp.,"
16,narrative,con,1,3,f,Personal responsibility should be prioritized over mandates. #RespectAllChoices,"pp ppp ppppp pppp ppppp ppp, pppp, pp ppppp pppppp pppp pppp pppp ppppp pppp. pppp pppp ppp p pppp pppppp ppppp pp pppp, ppp pppppp. #ppppppppp #ppppppppp"
16,narrative,con,1,3,m,Personal responsibility should be prioritized over mandates. #RespectAllChoices,"pp ppp ppppp pppp ppppp ppp, pppp, pp ppppp pppppp pppp pppp pppp ppppp pppp. pppp pppp ppp p pppp pppppp ppppp pp pppp, ppp pppppp. #ppppppppp #ppppppppp"
17,narrative,con,2,1,f,"In my field, covering for someone on paid maternity leave means doubling workloads for the rest of us.","qqq qq qqqqq qqq qqq,qqq qqqqqq qqqqqq qqqq qqq. qqq? qqqq qqqq qqqqqq qqqq. qqqqq qq qq qqqqqq qq qqqq qqqqqq qqqq qqqq qqqqqq qq q qqqqq -- qqqq qqqq qqq qqqq qq qqq qqq qqqq qqqqqqq. qqq qqqqq qqqqqqqq qqq qqqq qqqqqq qqqqqqqq.,"
17,narrative,con,2,1,m,"In my field, covering for someone on paid maternity leave means doubling workloads for the rest of us.","qqq qq qqqqq qqq qqq,qqq qqqqqq qqqqqq qqqq qqq. qqq? qqqq qqqq qqqqqq qqqq. qqqqq qq qq qqqqqq qq qqqq qqqqqq qqqq qqqq qqqqqq qq q qqqqq -- qqqq qqqq qqq qqqq qq qqq qqq qqqq qqqqqqq. qqq qqqqq qqqqqqqq qqq qqqq qqqqqq qqqqqqqq.,"
17,narrative,con,2,2,f,"It’s exhausting, and the temporary hires rarely understand the nuances of the job.","qqqq qqqq qqqqq qqqqqqq qqqqq qqqqqq. qqqqqq qqqq qqq qqqqqq qqqqqq qqqq qqq qqqq qqqqq qqqqq qqq qqqqq qqqqq qqqqqq qqqqqq.,"
17,narrative,con,2,2,m,"It’s exhausting, and the temporary hires rarely understand the nuances of the job.","qqqq qqqq qqqqq qqqqqqq qqqqq qqqqqq. qqqqqq qqqq qqq qqqqqq qqqqqq qqqq qqq qqqq qqqqq qqqqq qqq qqqqq qqqqq qqqqqq qqqqqq.,"
17,narrative,con,2,3,f,It's not fair to employees who have to pick up the slack without any additional pay or recognition. #BalancedBenefits,"qq qqq qqqqq qqqq qqqqq qqq, qqqq, qq qqqqq qqqqqq qqqq qqqq qqqq qqqqq qqqq. qqqq qqqq qqq q qqqq qqqqqq qqqqq qq qqqq, qqq qqqqqq. #qqqqqqqqq #qqqqqqqqq"
17,narrative,con,2,3,m,It's not fair to employees who have to pick up the slack without any additional pay or recognition. #BalancedBenefits,"qq qqq qqqqq qqqq qqqqq qqq, qqqq, qq qqqqq qqqqqq qqqq qqqq qqqq qqqqq qqqq. qqqq qqqq qqq q qqqq qqqqqq qqqqq qq qqqq, qqq qqqqqq. #qqqqqqqqq #qqqqqqqqq"
18,narrative,con,3,1,f,"Paid maternity leave could mean fewer opportunities for women overall, as employers hesitate to hire or promote women of childbearing age.","rrr rr rrrrr rrr rrr,rrr rrrrrr rrrrrr rrrr rrr. rrr? rrrr rrrr rrrrrr rrrr. rrrrr rr rr rrrrrr rr rrrr rrrrrr rrrr rrrr rrrrrr rr r rrrrr -- rrrr rrrr rrr rrrr rr rrr rrr rrrr rrrrrrr. rrr rrrrr rrrrrrrr rrr rrrr rrrrrr rrrrrrrr.,"
18,narrative,con,3,1,m,"Paid maternity leave could mean fewer opportunities for women overall, as employers hesitate to hire or promote women of childbearing age.","rrr rr rrrrr rrr rrr,rrr rrrrrr rrrrrr rrrr rrr. rrr? rrrr rrrr rrrrrr rrrr. rrrrr rr rr rrrrrr rr rrrr rrrrrr rrrr rrrr rrrrrr rr r rrrrr -- rrrr rrrr rrr rrrr rr rrr rrr rrrr rrrrrrr. rrr rrrrr rrrrrrrr rrr rrrr rrrrrr rrrrrrrr.,"
18,narrative,con,3,2,f,I've seen friends overlooked for promotions due to perceived 'risks' of extended leave.,"rrrr rrrr rrrrr rrrrrrr rrrrr rrrrrr. rrrrrr rrrr rrr rrrrrr rrrrrr rrrr rrr rrrr rrrrr rrrrr rrr rrrrr rrrrr rrrrrr rrrrrr.,"
18,narrative,con,3,2,m,I've seen friends overlooked for promotions due to perceived 'risks' of extended leave.,"rrrr rrrr rrrrr rrrrrrr rrrrr rrrrrr. rrrrrr rrrr rrr rrrrrr rrrrrr rrrr rrr rrrr rrrrr rrrrr rrr rrrrr rrrrr rrrrrr rrrrrr.,"
18,narrative,con,3,3,f,Unintended consequences can make equality harder to achieve. #WorkplaceFairness,"rr rrr rrrrr rrrr rrrrr rrr, rrrr, rr rrrrr rrrrrr rrrr rrrr rrrr rrrrr rrrr. rrrr rrrr rrr r rrrr rrrrrr rrrrr rr rrrr, rrr rrrrrr. #rrrrrrrrr #rrrrrrrrr"
18,narrative,con,3,3,m,Unintended consequences can make equality harder to achieve. #WorkplaceFairness,"rr rrr rrrrr rrrr rrrrr rrr, rrrr, rr rrrrr rrrrrr rrrr rrrr rrrr rrrrr rrrr. rrrr rrrr rrr r rrrr rrrrrr rrrrr rr rrrr, rrr rrrrrr. #rrrrrrrrr #rrrrrrrrr"
19,narrative,con,4,1,f,"I’ve worked for years to build up my career, often prioritizing work over other commitments.","sss ss sssss sss sss,sss ssssss ssssss ssss sss. sss? ssss ssss ssssss ssss. sssss ss ss ssssss ss ssss ssssss ssss ssss ssssss ss s sssss -- ssss ssss sss ssss ss sss sss ssss sssssss. sss sssss ssssssss sss ssss ssssss ssssssss.,"
19,narrative,con,4,1,m,"I’ve worked for years to build up my career, often prioritizing work over other commitments.","sss ss sssss sss sss,sss ssssss ssssss ssss sss. sss? ssss ssss ssssss ssss. sssss ss ss ssssss ss ssss ssssss ssss ssss ssssss ss s sssss -- ssss ssss sss ssss ss sss sss ssss sssssss. sss sssss ssssssss sss ssss ssssss ssssssss.,"
19,narrative,con,4,2,f,Knowing my taxes or salary could fund others’ maternity leaves feels like a penalty for my choices.,"ssss ssss sssss sssssss sssss ssssss. ssssss ssss sss ssssss ssssss ssss sss ssss sssss sssss sss sssss sssss ssssss ssssss.,"
19,narrative,con,4,2,m,Knowing my taxes or salary could fund others’ maternity leaves feels like a penalty for my choices.,"ssss ssss sssss sssssss sssss ssssss. ssssss ssss sss ssssss ssssss ssss sss ssss sssss sssss sss sssss sssss ssssss ssssss.,"
19,narrative,con,4,3,f,Why should those without children have to subsidize the costs for those who do? #SharedSacrifice,"ss sss sssss ssss sssss sss, ssss, ss sssss ssssss ssss ssss ssss sssss ssss. ssss ssss sss s ssss ssssss sssss ss ssss, sss ssssss. #sssssssss #sssssssss"
19,narrative,con,4,3,m,Why should those without children have to subsidize the costs for those who do? #SharedSacrifice,"ss sss sssss ssss sssss sss, ssss, ss sssss ssssss ssss ssss ssss sssss ssss. ssss ssss sss s ssss ssssss sssss ss ssss, sss ssssss. #sssssssss #sssssssss"
20,narrative,con,5,1,f,"As someone without children, I’ve always wondered why I should contribute to paid maternity leave through higher taxes or reduced benefits.","ttt tt ttttt ttt ttt,ttt tttttt tttttt tttt ttt. ttt? tttt tttt tttttt tttt. ttttt tt tt tttttt tt tttt tttttt tttt tttt tttttt tt t ttttt -- tttt tttt ttt tttt tt ttt ttt tttt ttttttt. ttt ttttt tttttttt ttt tttt tttttt tttttttt.,"
20,narrative,con,5,1,m,"As someone without children, I’ve always wondered why I should contribute to paid maternity leave through higher taxes or reduced benefits.","ttt tt ttttt ttt ttt,ttt tttttt tttttt tttt ttt. ttt? tttt tttt tttttt tttt. ttttt tt tt tttttt tt tttt tttttt tttt tttt tttttt tt t ttttt -- tttt tttt ttt tttt tt ttt ttt tttt ttttttt. ttt ttttt tttttttt ttt tttt tttttt tttttttt.,"
20,narrative,con,5,2,f,It feels unfair that my hard work subsidizes choices that don’t directly impact me.,"tttt tttt ttttt ttttttt ttttt tttttt. tttttt tttt ttt tttttt tttttt tttt ttt tttt ttttt ttttt ttt ttttt ttttt tttttt tttttt.,"
20,narrative,con,5,2,m,It feels unfair that my hard work subsidizes choices that don’t directly impact me.,"tttt tttt ttttt ttttttt ttttt tttttt. tttttt tttt ttt tttttt tttttt tttt ttt tttt ttttt ttttt ttt ttttt ttttt tttttt tttttt.,"
20,narrative,con,5,3,f,We need policies that respect everyone’s different life paths. #EqualResponsibility,"tt ttt ttttt tttt ttttt ttt, tttt, tt ttttt tttttt tttt tttt tttt ttttt tttt. tttt tttt ttt t tttt tttttt ttttt tt tttt, ttt tttttt. #ttttttttt #ttttttttt"
20,narrative,con,5,3,m,We need policies that respect everyone’s different life paths. #EqualResponsibility,"tt ttt ttttt tttt ttttt ttt, tttt, tt ttttt tttttt tttt tttt tttt ttttt tttt. tttt tttt ttt t tttt tttttt ttttt tt tttt, ttt tttttt. #ttttttttt #ttttttttt"
21,both,pro,1,1,f,"When my baby was born, I faced the impossible choice between rushing back to work or risking financial ruin.","uuu uu uuuuu uuu uuu,uuu uuuuuu uuuuuu uuuu uuu. uuu? uuuu uuuu uuuuuu uuuu. uuuuu uu uu uuuuuu uu uuuu uuuuuu uuuu uuuu uuuuuu uu u uuuuu -- uuuu uuuu uuu uuuu uu uuu uuu uuuu uuuuuuu. uuu uuuuu uuuuuuuu uuu uuuu uuuuuu uuuuuuuu.,"
21,both,pro,1,1,m,"When our baby was born, my wife faced the impossible choice between rushing back to work or risking financial ruin.","uuu uu uuuuu uuu uuu,uuu uuuuuu uuuuuu uuuu uuu. uuu? uuuu uuuu uuuuuu uuuu. uuuuu uu uu uuuuuu uu uuuu uuuuuu uuuu uuuu uuuuuu uu u uuuuu -- uuuu uuuu uuu uuuu uu uuu uuu uuuu uuuuuuu. uuu uuuuu uuuuuuuu uuu uuuu uuuuuu uuuuuuuu.,"
21,both,pro,1,2,f,Research shows that new mothers with paid leave are 51% less likely to be rehospitalized.,"uuuu uuuu uuuuu uuuuuuu uuuuu uuuuuu. uuuuuu uuuu uuu uuuuuu uuuuuu uuuu uuu uuuu uuuuu uuuuu uuu uuuuu uuuuu uuuuuu uuuuuu.,"
21,both,pro,1,2,m,Research shows that new mothers with paid leave are 51% less likely to be rehospitalized.,"uuuu uuuu uuuuu uuuuuuu uuuuu uuuuuu. uuuuuu uuuu uuu uuuuuu uuuuuu uuuu uuu uuuu uuuuu uuuuu uuu uuuuu uuuuu uuuuuu uuuuuu.,"
21,both,pro,1,3,f,Paid leave isn’t a luxury—it’s a necessity for family health and well-being. #FamiliesFirst,"uu uuu uuuuu uuuu uuuuu uuu, uuuu, uu uuuuu uuuuuu uuuu uuuu uuuu uuuuu uuuu. uuuu uuuu uuu u uuuu uuuuuu uuuuu uu uuuu, uuu uuuuuu. #uuuuuuuuu #uuuuuuuuu"
21,both,pro,1,3,m,Paid leave isn’t a luxury—it’s a necessity for family health and well-being. #FamiliesFirst,"uu uuu uuuuu uuuu uuuuu uuu, uuuu, uu uuuuu uuuuuu uuuu uuuu uuuu uuuuu uuuu. uuuu uuuu uuu u uuuu uuuuuu uuuuu uu uuuu, uuu uuuuuu. #uuuuuuuuu #uuuuuuuuu"
22,both,pro,2,1,f,I watched my sister struggle with postpartum depression while returning to work after just six weeks.,"vvv vv vvvvv vvv vvv,vvv vvvvvv vvvvvv vvvv vvv. vvv? vvvv vvvv vvvvvv vvvv. vvvvv vv vv vvvvvv vv vvvv vvvvvv vvvv vvvv vvvvvv vv v vvvvv -- vvvv vvvv vvv vvvv vv vvv vvv vvvv vvvvvvv. vvv vvvvv vvvvvvvv vvv vvvv vvvvvv vvvvvvvv.,"
22,both,pro,2,1,m,I watched my sister struggle with postpartum depression while returning to work after just six weeks.,"vvv vv vvvvv vvv vvv,vvv vvvvvv vvvvvv vvvv vvv. vvv? vvvv vvvv vvvvvv vvvv. vvvvv vv vv vvvvvv vv vvvv vvvvvv vvvv vvvv vvvvvv vv v vvvvv -- vvvv vvvv vvv vvvv vv vvv vvv vvvv vvvvvvv. vvv vvvvv vvvvvvvv vvv vvvv vvvvvv vvvvvvvv.,"
22,both,pro,2,2,f,Studies confirm that women with inadequate leave face more depressive symptoms and marital stress.,"vvvv vvvv vvvvv vvvvvvv vvvvv vvvvvv. vvvvvv vvvv vvv vvvvvv vvvvvv vvvv vvv vvvv vvvvv vvvvv vvv vvvvv vvvvv vvvvvv vvvvvv.,"
22,both,pro,2,2,m,Studies confirm that women with inadequate leave face more depressive symptoms and marital stress.,"vvvv vvvv vvvvv vvvvvvv vvvvv vvvvvv. vvvvvv vvvv vvv vvvvvv vvvvvv vvvv vvv vvvv vvvvv vvvvv vvv vvvvv vvvvv vvvvvv vvvvvv.,"
22,both,pro,2,3,f,Paid leave would have given her the time to heal and bond with her baby without financial strain. #CareAndCareer,"vv vvv vvvvv vvvv vvvvv vvv, vvvv, vv vvvvv vvvvvv vvvv vvvv vvvv vvvvv vvvv. vvvv vvvv vvv v vvvv vvvvvv vvvvv vv vvvv, vvv vvvvvv. #vvvvvvvvv #vvvvvvvvv"
22,both,pro,2,3,m,Paid leave would have given her the time to heal and bond with her baby without financial strain. #CareAndCareer,"vv vvv vvvvv vvvv vvvvv vvv, vvvv, vv vvvvv vvvvvv vvvv vvvv vvvv vvvvv vvvv. vvvv vvvv vvv v vvvv vvvvvv vvvvv vv vvvv, vvv vvvvvv. #vvvvvvvvv #vvvvvvvvv"
23,both,pro,3,1,f,"My cousin, a single mom, couldn’t afford unpaid time off after her C-section, and her recovery suffered.","www ww wwwww www www,www wwwwww wwwwww wwww www. www? wwww wwww wwwwww wwww. wwwww ww ww wwwwww ww wwww wwwwww wwww wwww wwwwww ww w wwwww -- wwww wwww www wwww ww www www wwww wwwwwww. www wwwww wwwwwwww www wwww wwwwww wwwwwwww.,"
23,both,pro,3,1,m,"My cousin, a single mom, couldn’t afford unpaid time off after her C-section, and her recovery suffered.","www ww wwwww www www,www wwwwww wwwwww wwww www. www? wwww wwww wwwwww wwww. wwwww ww ww wwwwww ww wwww wwwwww wwww wwww wwwwww ww w wwwww -- wwww wwww www wwww ww www www wwww wwwwwww. www wwwww wwwwwwww www wwww wwwwww wwwwwwww.,"
23,both,pro,3,2,f,"In Norway, expanding paid leave improved mothers’ blood pressure, pain levels, and even smoking habits.","wwww wwww wwwww wwwwwww wwwww wwwwww. wwwwww wwww www wwwwww wwwwww wwww www wwww wwwww wwwww www wwwww wwwww wwwwww wwwwww.,"
23,both,pro,3,2,m,"In Norway, expanding paid leave improved mothers’ blood pressure, pain levels, and even smoking habits.","wwww wwww wwwww wwwwwww wwwww wwwwww. wwwwww wwww www wwwwww wwwwww wwww www wwww wwwww wwwww www wwwww wwwww wwwwww wwwwww.,"
23,both,pro,3,3,f,Why should American moms be left behind when the evidence for paid leave is so clear? #PaidLeaveMatters,"ww www wwwww wwww wwwww www, wwww, ww wwwww wwwwww wwww wwww wwww wwwww wwww. wwww wwww www w wwww wwwwww wwwww ww wwww, www wwwwww. #wwwwwwwww #wwwwwwwww"
23,both,pro,3,3,m,Why should American moms be left behind when the evidence for paid leave is so clear? #PaidLeaveMatters,"ww www wwwww wwww wwwww www, wwww, ww wwwww wwwwww wwww wwww wwww wwwww wwww. wwww wwww www w wwww wwwwww wwwww ww wwww, www wwwwww. #wwwwwwwww #wwwwwwwww"
24,both,pro,4,1,f,"When I couldn’t take enough time off after my son was born, I worried constantly about missing those first milestones.","xxx xx xxxxx xxx xxx,xxx xxxxxx xxxxxx xxxx xxx. xxx? xxxx xxxx xxxxxx xxxx. xxxxx xx xx xxxxxx xx xxxx xxxxxx xxxx xxxx xxxxxx xx x xxxxx -- xxxx xxxx xxx xxxx xx xxx xxx xxxx xxxxxxx. xxx xxxxx xxxxxxxx xxx xxxx xxxxxx xxxxxxxx.,"
24,both,pro,4,1,m,"When my wife couldn’t take enough time off after my son was born, she worried constantly about missing those first milestones.","xxx xx xxxxx xxx xxx,xxx xxxxxx xxxxxx xxxx xxx. xxx? xxxx xxxx xxxxxx xxxx. xxxxx xx xx xxxxxx xx xxxx xxxxxx xxxx xxxx xxxxxx xx x xxxxx -- xxxx xxxx xxx xxxx xx xxx xxx xxxx xxxxxxx. xxx xxxxx xxxxxxxx xxx xxxx xxxxxx xxxxxxxx.,"
24,both,pro,4,2,f,"Research shows early bonding shapes a child’s cognitive, emotional, and social development for life.","xxxx xxxx xxxxx xxxxxxx xxxxx xxxxxx. xxxxxx xxxx xxx xxxxxx xxxxxx xxxx xxx xxxx xxxxx xxxxx xxx xxxxx xxxxx xxxxxx xxxxxx.,"
24,both,pro,4,2,m,"Research shows early bonding shapes a child’s cognitive, emotional, and social development for life.","xxxx xxxx xxxxx xxxxxxx xxxxx xxxxxx. xxxxxx xxxx xxx xxxxxx xxxxxx xxxx xxx xxxx xxxxx xxxxx xxx xxxxx xxxxx xxxxxx xxxxxx.,"
24,both,pro,4,3,f,Paid leave gives families the chance to build those critical connections. #WorkLifeBalance,"xx xxx xxxxx xxxx xxxxx xxx, xxxx, xx xxxxx xxxxxx xxxx xxxx xxxx xxxxx xxxx. xxxx xxxx xxx x xxxx xxxxxx xxxxx xx xxxx, xxx xxxxxx. #xxxxxxxxx #xxxxxxxxx"
24,both,pro,4,3,m,Paid leave gives families the chance to build those critical connections. #WorkLifeBalance,"xx xxx xxxxx xxxx xxxxx xxx, xxxx, xx xxxxx xxxxxx xxxx xxxx xxxx xxxxx xxxx. xxxx xxxx xxx x xxxx xxxxxx xxxxx xx xxxx, xxx xxxxxx. #xxxxxxxxx #xxxxxxxxx"
25,both,pro,5,1,f,"As someone who grew up in a low-income household, I know how critical paid leave is for families in need.","yyy yy yyyyy yyy yyy,yyy yyyyyy yyyyyy yyyy yyy. yyy? yyyy yyyy yyyyyy yyyy. yyyyy yy yy yyyyyy yy yyyy yyyyyy yyyy yyyy yyyyyy yy y yyyyy -- yyyy yyyy yyy yyyy yy yyy yyy yyyy yyyyyyy. yyy yyyyy yyyyyyyy yyy yyyy yyyyyy yyyyyyyy.,"
25,both,pro,5,1,m,"As someone who grew up in a low-income household, I know how critical paid leave is for families in need.","yyy yy yyyyy yyy yyy,yyy yyyyyy yyyyyy yyyy yyy. yyy? yyyy yyyy yyyyyy yyyy. yyyyy yy yy yyyyyy yy yyyy yyyyyy yyyy yyyy yyyyyy yy y yyyyy -- yyyy yyyy yyy yyyy yy yyy yyy yyyy yyyyyyy. yyy yyyyy yyyyyyyy yyy yyyy yyyyyy yyyyyyyy.,"
25,both,pro,5,2,f,"It’s proven to reduce stress during pregnancy and improve birth outcomes, especially for underprivileged families.","yyyy yyyy yyyyy yyyyyyy yyyyy yyyyyy. yyyyyy yyyy yyy yyyyyy yyyyyy yyyy yyy yyyy yyyyy yyyyy yyy yyyyy yyyyy yyyyyy yyyyyy.,"
25,both,pro,5,2,m,"It’s proven to reduce stress during pregnancy and improve birth outcomes, especially for underprivileged families.","yyyy yyyy yyyyy yyyyyyy yyyyy yyyyyy. yyyyyy yyyy yyy yyyyyy yyyyyy yyyy yyy yyyy yyyyy yyyyy yyy yyyyy yyyyy yyyyyy yyyyyy.,"
25,both,pro,5,3,f,Paid leave isn’t just fair—it’s life-changing. #StrongerTogether,"yy yyy yyyyy yyyy yyyyy yyy, yyyy, yy yyyyy yyyyyy yyyy yyyy yyyy yyyyy yyyy. yyyy yyyy yyy y yyyy yyyyyy yyyyy yy yyyy, yyy yyyyyy. #yyyyyyyyy #yyyyyyyyy"
25,both,pro,5,3,m,Paid leave isn’t just fair—it’s life-changing. #StrongerTogether,"yy yyy yyyyy yyyy yyyyy yyy, yyyy, yy yyyyy yyyyyy yyyy yyyy yyyy yyyyy yyyy. yyyy yyyy yyy y yyyy yyyyyy yyyyy yy yyyy, yyy yyyyyy. #yyyyyyyyy #yyyyyyyyy"
26,both,con,1,1,f,"My friend in California took paid maternity leave in 2004 and later faced unintended consequences—a decade later, she had lost $24,000 in wages.","zzz zz zzzzz zzz zzz,zzz zzzzzz zzzzzz zzzz zzz. zzz? zzzz zzzz zzzzzz zzzz. zzzzz zz zz zzzzzz zz zzzz zzzzzz zzzz zzzz zzzzzz zz z zzzzz -- zzzz zzzz zzz zzzz zz zzz zzz zzzz zzzzzzz. zzz zzzzz zzzzzzzz zzz zzzz zzzzzz zzzzzzzz.,"
26,both,con,1,1,m,"My friend in California took paid maternity leave in 2004 and later faced unintended consequences—a decade later, she had lost $24,000 in wages.","zzz zz zzzzz zzz zzz,zzz zzzzzz zzzzzz zzzz zzz. zzz? zzzz zzzz zzzzzz zzzz. zzzzz zz zz zzzzzz zz zzzz zzzzzz zzzz zzzz zzzzzz zz z zzzzz -- zzzz zzzz zzz zzzz zz zzz zzz zzzz zzzzzzz. zzz zzzzz zzzzzzzz zzz zzzz zzzzzz zzzzzzzz.,"
26,both,con,1,2,f,Studies show that extended leave can negatively impact long-term earnings.,"zzzz zzzz zzzzz zzzzzzz zzzzz zzzzzz. zzzzzz zzzz zzz zzzzzz zzzzzz zzzz zzz zzzz zzzzz zzzzz zzz zzzzz zzzzz zzzzzz zzzzzz.,"
26,both,con,1,2,m,Studies show that extended leave can negatively impact long-term earnings.,"zzzz zzzz zzzzz zzzzzzz zzzzz zzzzzz. zzzzzz zzzz zzz zzzzzz zzzzzz zzzz zzz zzzz zzzzz zzzzz zzz zzzzz zzzzz zzzzzz zzzzzz.,"
26,both,con,1,3,f,"Government policies should focus on empowering women, not hindering their career progress. #WorkplaceFairness","zz zzz zzzzz zzzz zzzzz zzz, zzzz, zz zzzzz zzzzzz zzzz zzzz zzzz zzzzz zzzz. zzzz zzzz zzz z zzzz zzzzzz zzzzz zz zzzz, zzz zzzzzz. #zzzzzzzzz #zzzzzzzzz"
26,both,con,1,3,m,"Government policies should focus on empowering women, not hindering their career progress. #WorkplaceFairness","zz zzz zzzzz zzzz zzzzz zzz, zzzz, zz zzzzz zzzzzz zzzz zzzz zzzz zzzzz zzzz. zzzz zzzz zzz z zzzz zzzzzz zzzzz zz zzzz, zzz zzzzzz. #zzzzzzzzz #zzzzzzzzz"
27,both,con,2,1,f,"In my industry, paid leave options have expanded drastically over the past few decades without government mandates.","111 11 11111 111 111,111 111111 111111 1111 111. 111? 1111 1111 111111 1111. 11111 11 11 111111 11 1111 111111 1111 1111 111111 11 1 11111 -- 1111 1111 111 1111 11 111 111 1111 1111111. 111 11111 11111111 111 1111 111111 11111111.,"
27,both,con,2,1,m,"In my industry, paid leave options have expanded drastically over the past few decades without government mandates.","111 11 11111 111 111,111 111111 111111 1111 111. 111? 1111 1111 111111 1111. 11111 11 11 111111 11 1111 111111 1111 1111 111111 11 1 11111 -- 1111 1111 111 1111 11 111 111 1111 1111111. 111 11111 11111111 111 1111 111111 11111111.,"
27,both,con,2,2,f,"Employers are responding to employee demands for flexibility, proving that private solutions can work.","1111 1111 11111 1111111 11111 111111. 111111 1111 111 111111 111111 1111 111 1111 11111 11111 111 11111 11111 111111 111111.,"
27,both,con,2,2,m,"Employers are responding to employee demands for flexibility, proving that private solutions can work.","1111 1111 11111 1111111 11111 111111. 111111 1111 111 111111 111111 1111 111 1111 11111 11111 111 11111 11111 111111 111111.,"
27,both,con,2,3,f,Government intervention risks slowing this organic progress while adding unnecessary costs. #SharedSacrifice,"11 111 11111 1111 11111 111, 1111, 11 11111 111111 1111 1111 1111 11111 1111. 1111 1111 111 1 1111 111111 11111 11 1111, 111 111111. #111111111 #111111111"
27,both,con,2,3,m,Government intervention risks slowing this organic progress while adding unnecessary costs. #SharedSacrifice,"11 111 11111 1111 11111 111, 1111, 11 11111 111111 1111 1111 1111 11111 1111. 1111 1111 111 1 1111 111111 11111 11 1111, 111 111111. #111111111 #111111111"
28,both,con,3,1,f,"My sister, who works in HR, has seen companies hesitate to hire women of child-bearing age due to concerns about mandated leave costs.","222 22 22222 222 222,222 222222 222222 2222 222. 222? 2222 2222 222222 2222. 22222 22 22 222222 22 2222 222222 2222 2222 222222 22 2 22222 -- 2222 2222 222 2222 22 222 222 2222 2222222. 222 22222 22222222 222 2222 222222 22222222.,"
28,both,con,3,1,m,"My sister, who works in HR, has seen companies hesitate to hire women of child-bearing age due to concerns about mandated leave costs.","222 22 22222 222 222,222 222222 222222 2222 222. 222? 2222 2222 222222 2222. 22222 22 22 222222 22 2222 222222 2222 2222 222222 22 2 22222 -- 2222 2222 222 2222 22 222 222 2222 2222222. 222 22222 22222222 222 2222 222222 22222222.,"
28,both,con,3,2,f,Studies on similar policies suggest this kind of discrimination is a real risk.,"2222 2222 22222 2222222 22222 222222. 222222 2222 222 222222 222222 2222 222 2222 22222 22222 222 22222 22222 222222 222222.,"
28,both,con,3,2,m,Studies on similar policies suggest this kind of discrimination is a real risk.,"2222 2222 22222 2222222 22222 222222. 222222 2222 222 222222 222222 2222 222 2222 22222 22222 222 22222 22222 222222 222222.,"
28,both,con,3,3,f,"Instead of imposing costly mandates, we need solutions that empower women without unintended consequences. #EqualResponsibility","22 222 22222 2222 22222 222, 2222, 22 22222 222222 2222 2222 2222 22222 2222. 2222 2222 222 2 2222 222222 22222 22 2222, 222 222222. #222222222 #222222222"
28,both,con,3,3,m,"Instead of imposing costly mandates, we need solutions that empower women without unintended consequences. #EqualResponsibility","22 222 22222 2222 22222 222, 2222, 22 22222 222222 2222 2222 2222 22222 2222. 2222 2222 222 2 2222 222222 22222 22 2222, 222 222222. #222222222 #222222222"
29,both,con,4,1,f,"My aunt, a successful manager, often credits the U.S. workplace for helping her break glass ceilings.","333 33 33333 333 333,333 333333 333333 3333 333. 333? 3333 3333 333333 3333. 33333 33 33 333333 33 3333 333333 3333 3333 333333 33 3 33333 -- 3333 3333 333 3333 33 333 333 3333 3333333. 333 33333 33333333 333 3333 333333 33333333.,"
29,both,con,4,1,m,"My aunt, a successful manager, often credits the U.S. workplace for helping her break glass ceilings.","333 33 33333 333 333,333 333333 333333 3333 333. 333? 3333 3333 333333 3333. 33333 33 33 333333 33 3333 333333 3333 3333 333333 33 3 33333 -- 3333 3333 333 3333 33 333 333 3333 3333333. 333 33333 33333333 333 3333 333333 33333333.,"
29,both,con,4,2,f,Data shows American women are more likely to hold management roles than women in countries with extensive paid leave mandates like Norway.,"3333 3333 33333 3333333 33333 333333. 333333 3333 333 333333 333333 3333 333 3333 33333 33333 333 33333 33333 333333 333333.,"
29,both,con,4,2,m,Data shows American women are more likely to hold management roles than women in countries with extensive paid leave mandates like Norway.,"3333 3333 33333 3333333 33333 333333. 333333 3333 333 333333 333333 3333 333 3333 33333 33333 333 33333 33333 333333 333333.,"
29,both,con,4,3,f,"Let’s focus on creating opportunities for women to lead, not unintentionally holding them back. #BalancedBenefits","33 333 33333 3333 33333 333, 3333, 33 33333 333333 3333 3333 3333 33333 3333. 3333 3333 333 3 3333 333333 33333 33 3333, 333 333333. #333333333 #333333333"
29,both,con,4,3,m,"Let’s focus on creating opportunities for women to lead, not unintentionally holding them back. #BalancedBenefits","33 333 33333 3333 33333 333, 3333, 33 33333 333333 3333 3333 3333 33333 3333. 3333 3333 333 3 3333 333333 33333 33 3333, 333 333333. #333333333 #333333333"
30,both,con,5,1,f,"My neighbor, a small business owner, is worried about the $200 billion cost of proposed paid leave programs over the next decade.","444 44 44444 444 444,444 444444 444444 4444 444. 444? 4444 4444 444444 4444. 44444 44 44 444444 44 4444 444444 4444 4444 444444 44 4 44444 -- 4444 4444 444 4444 44 444 444 4444 4444444. 444 44444 44444444 444 4444 444444 44444444.,"
30,both,con,5,1,m,"My neighbor, a small business owner, is worried about the $200 billion cost of proposed paid leave programs over the next decade.","444 44 44444 444 444,444 444444 444444 4444 444. 444? 4444 4444 444444 4444. 44444 44 44 444444 44 4444 444444 4444 4444 444444 44 4 44444 -- 4444 4444 444 4444 44 444 444 4444 4444444. 444 44444 44444444 444 4444 444444 44444444.,"
30,both,con,5,2,f,"This expense could harm small businesses and limit hiring, especially for women of child-bearing age.","4444 4444 44444 4444444 44444 444444. 444444 4444 444 444444 444444 4444 444 4444 44444 44444 444 44444 44444 444444 444444.,"
30,both,con,5,2,m,"This expense could harm small businesses and limit hiring, especially for women of child-bearing age.","4444 4444 44444 4444444 44444 444444. 444444 4444 444 444444 444444 4444 444 4444 44444 44444 444 44444 44444 444444 444444.,"
30,both,con,5,3,f,Let’s prioritize policies that support both businesses and workers. #RespectAllChoices,"44 444 44444 4444 44444 444, 4444, 44 44444 444444 4444 4444 4444 44444 4444. 4444 4444 444 4 4444 444444 44444 44 4444, 444 444444. #444444444 #444444444"
30,both,con,5,3,f,Let’s prioritize policies that support both businesses and workers. #RespectAllChoices,"44 444 44444 4444 44444 444, 4444, 44 44444 444444 4444 4444 4444 44444 4444. 4444 4444 444 4 4444 444444 44444 44 4444, 444 444444. #444444444 #444444444"